Workbook

Sheet Calibración
A1: REGISTRO DE CALIBRACIÓN — BRAZOS ROBÓTICOS uArm | Ingeniería de Instrumentación
A2: Revisión de 8 unidades | LEFT_MAX nominal 150° ± 10° | RIGHT_MIN nominal 20° ± 10° | R² ≥ 0.98 excelente
A4: IDENTIFICACIÓN | E4: LÍMITES MECÁNICOS | N4: RESULTADO FINAL
A5: ID Brazo | B5: Fecha | C5: Ingeniero | D5: Estado General | E5: LEFT MAX (°) | F5: RIGHT MIN (°) | G5: Resultado Límites | H5: Notas Límites | I5: Estado BASE | J5: Estado LEFT | K5: Estado RIGHT | L5: Estado HAND | M5: Estado PUMP | N5: Observaciones | O5: APROBADO
A6: 161907 | B6: 46189 | C6: Juan Caguasango | D6: =IF(AND(G6="OK",I6="OK",J6="OK",K6="OK"),"✔ OK","✖ REVISAR") -> ✔ OK | E6: 155 | F6: 10 | G6: =IF(AND(ABS(E6-150)<=10,ABS(F6-20)<=10),"OK","FUERA RANGO") -> OK | I6: OK | J6: OK | K6: OK | L6: MAL | M6: OK | N6: El Motor hand no se mueve | O6: =IF(D6="✔ OK","SÍ","NO") -> SÍ | P6: cables ok
A7: 1619'5 | B7: 46189 | C7: Juan Caguasango | D7: =IF(AND(G7="OK",I7="OK",J7="OK",K7="OK"),"✔ OK","✖ REVISAR") -> #VALUE! | E7: REVISION | F7: REVISION | G7: =IF(AND(ABS(E7-150)<=10,ABS(F7-20)<=10),"OK","FUERA RANGO") -> #VALUE! | I7: OK | J7: MAL | K7: OK | L7: REVISON | M7: ok | O7: =IF(D7="✔ OK","SÍ","NO") -> #VALUE!
A8: 161908 | B8: 46190 | C8: Juan Sañudo | D8: =IF(AND(G8="OK",I8="OK",J8="OK",K8="OK"),"✔ OK","✖ REVISAR") -> ✖ REVISAR | E8: 145 | F8: 65 | G8: =IF(AND(ABS(E8-150)<=10,ABS(F8-20)<=10),"OK","FUERA RANGO") -> FUERA RANGO | H8: EL MOTOR DERECHO NO LLEGA AL RANGO DESEADO | I8: OK | J8: OK | K8: INICIALIZACION | L8: INICIALIZACION | M8: OK | N8: El motor derecho presenta problemas en su ranog y el motor de mano se mueve pero intenta llegar a rangoes que no puedo lo que genera que se fuerce el motor | O8: =IF(D8="✔ OK","SÍ","NO") -> NO
A9: 161906 | B9: 46190 | C9: Juan Sañudo | D9: =IF(AND(G9="OK",I9="OK",J9="OK",K9="OK"),"✔ OK","✖ REVISAR") -> ✖ REVISAR | E9: 155 | F9: 79 | G9: =IF(AND(ABS(E9-150)<=10,ABS(F9-20)<=10),"OK","FUERA RANGO") -> FUERA RANGO | H9: EL MOTOR DERECHO NO LLEGA AL RANGO DESEADO | I9: ok | J9: ok | K9: INICIALIZACION | L9: INICIALIZACION | M9: ok | N9: El motor derecho presenta problemas en su ranog y el motor de mano se mueve pero intenta llegar a rangoes que no puedo lo que genera que se fuerce el motor | O9: =IF(D9="✔ OK","SÍ","NO") -> NO
A10: 161894 | B10: 46190 | C10: Juan Sañudo | D10: =IF(AND(G10="OK",I10="OK",J10="OK",K10="OK"),"✔ OK","✖ REVISAR") -> ✖ REVISAR | E10: 95 | F10: 90 | G10: =IF(AND(ABS(E10-150)<=10,ABS(F10-20)<=10),"OK","FUERA RANGO") -> FUERA RANGO | H10: EL MOTOR DERECHO E IZQUIERDO NO LLEGAN AL RANGO DESEADO | I10: INICIALIZACION | J10: INICIALIZACION | K10: INICIALIZACION | L10: OK | M10: OK | O10: =IF(D10="✔ OK","SÍ","NO") -> NO
A11: 161903 | B11: 46190 | C11: Juan Sañudo | D11: =IF(AND(G11="OK",I11="OK",J11="OK",K11="OK"),"✔ OK","✖ REVISAR") -> #REF! | G11: =IF(AND(ABS(E11-150)<=10,ABS(F11-20)<=10),"OK","FUERA RANGO") -> FUERA RANGO | I11: =IF(#REF!="","—",IF(#REF!>=0.98,"OK",IF(#REF!>=0.95,"REVISAR","MAL"))) -> #REF! | J11: =IF(#REF!="","—",IF(#REF!>=0.98,"OK",IF(#REF!>=0.95,"REVISAR","MAL"))) -> #REF! | K11: =IF(#REF!="","—",IF(#REF!>=0.98,"OK",IF(#REF!>=0.95,"REVISAR","MAL"))) -> #REF! | L11: =IF(#REF!="","—",IF(#REF!>=0.98,"OK",IF(#REF!>=0.95,"REVISAR","MAL"))) -> #REF! | M11: =IF(#REF!="","—",IF(#REF!>=0.98,"OK",IF(#REF!>=0.95,"REVISAR","MAL"))) -> #REF! | O11: =IF(D11="✔ OK","SÍ","NO") -> #REF!

Sheet Resumen Comparativo
A1: RESUMEN COMPARATIVO — PARÁMETROS DE CALIBRACIÓN (8 BRAZOS)
A2: R² ≥ 0.98 = Excelente | R² ≥ 0.95 = Aceptable | R² < 0.95 = Requiere nueva calibración | Offsets |x| ≤ 5° = OK
A3: ID Brazo | B3: LEFT MAX (°) | C3: RIGHT MIN (°) | D3: R² ROT | E3: R² LEFT | F3: R² RIGHT | G3: R² HAND | H3: Off. ROT (°) | I3: Off. LEFT (°) | J3: Off. RIGHT (°) | K3: Off. HAND (°) | L3: Estado General | M3: Aprobado
A4: =Calibración!A6 -> 161907 | B4: =Calibración!E6 -> 155 | C4: =Calibración!F6 -> 10 | D4: =Calibración!#REF! -> #REF! | E4: =Calibración!#REF! -> #REF! | F4: =Calibración!#REF! -> #REF! | G4: =Calibración!#REF! -> #REF! | H4: =Calibración!#REF! -> #REF! | I4: =Calibración!#REF! -> #REF! | J4: =Calibración!#REF! -> #REF! | K4: =Calibración!#REF! -> #REF! | L4: =Calibración!D6 -> ✔ OK | M4: =Calibración!O6 -> SÍ
A5: =Calibración!A7 -> 1619'5 | B5: =Calibración!E7 -> REVISION | C5: =Calibración!F7 -> REVISION | D5: =Calibración!#REF! -> #REF! | E5: =Calibración!#REF! -> #REF! | F5: =Calibración!#REF! -> #REF! | G5: =Calibración!#REF! -> #REF! | H5: =Calibración!#REF! -> #REF! | I5: =Calibración!#REF! -> #REF! | J5: =Calibración!#REF! -> #REF! | K5: =Calibración!#REF! -> #REF! | L5: =Calibración!D7 -> #VALUE! | M5: =Calibración!O7 -> #VALUE!
A6: =Calibración!#REF! -> #REF! | B6: =Calibración!#REF! -> #REF! | C6: =Calibración!#REF! -> #REF! | D6: =Calibración!#REF! -> #REF! | E6: =Calibración!#REF! -> #REF! | F6: =Calibración!#REF! -> #REF! | G6: =Calibración!#REF! -> #REF! | H6: =Calibración!#REF! -> #REF! | ... M6: =Calibración!#REF! -> #REF!
A7: =Calibración!A8 -> 161908 | B7: =Calibración!E8 -> 145 | C7: =Calibración!F8 -> 65 | D7: =Calibración!#REF! -> #REF! | E7: =Calibración!#REF! -> #REF! | F7: =Calibración!#REF! -> #REF! | G7: =Calibración!#REF! -> #REF! | H7: =Calibración!#REF! -> #REF! | I7: =Calibración!#REF! -> #REF! | J7: =Calibración!#REF! -> #REF! | K7: =Calibración!#REF! -> #REF! | L7: =Calibración!D8 -> ✖ REVISAR | M7: =Calibración!O8 -> NO
A8: =Calibración!A9 -> 161906 | B8: =Calibración!E9 -> 155 | C8: =Calibración!F9 -> 79 | D8: =Calibración!#REF! -> #REF! | E8: =Calibración!#REF! -> #REF! | F8: =Calibración!#REF! -> #REF! | G8: =Calibración!#REF! -> #REF! | H8: =Calibración!#REF! -> #REF! | I8: =Calibración!#REF! -> #REF! | J8: =Calibración!#REF! -> #REF! | K8: =Calibración!#REF! -> #REF! | L8: =Calibración!D9 -> ✖ REVISAR | M8: =Calibración!O9 -> NO
A9: =Calibración!A10 -> 161894 | B9: =Calibración!E10 -> 95 | C9: =Calibración!F10 -> 90 | D9: =Calibración!#REF! -> #REF! | E9: =Calibración!#REF! -> #REF! | F9: =Calibración!#REF! -> #REF! | G9: =Calibración!#REF! -> #REF! | H9: =Calibración!#REF! -> #REF! | I9: =Calibración!#REF! -> #REF! | J9: =Calibración!#REF! -> #REF! | K9: =Calibración!#REF! -> #REF! | L9: =Calibración!D10 -> ✖ REVISAR | M9: =Calibración!O10 -> NO
A10: =Calibración!A11 -> 161903 | B10: =Calibración!E11 -> 0 | C10: =Calibración!F11 -> 0 | D10: =Calibración!#REF! -> #REF! | E10: =Calibración!#REF! -> #REF! | F10: =Calibración!#REF! -> #REF! | G10: =Calibración!#REF! -> #REF! | H10: =Calibración!#REF! -> #REF! | I10: =Calibración!#REF! -> #REF! | J10: =Calibración!#REF! -> #REF! | K10: =Calibración!#REF! -> #REF! | L10: =Calibración!D11 -> #REF! | M10: =Calibración!O11 -> #REF!
A11: =Calibración!#REF! -> #REF! | B11: =Calibración!#REF! -> #REF! | C11: =Calibración!#REF! -> #REF! | D11: =Calibración!#REF! -> #REF! | E11: =Calibración!#REF! -> #REF! | F11: =Calibración!#REF! -> #REF! | G11: =Calibración!#REF! -> #REF! | H11: =Calibración!#REF! -> #REF! | ... M11: =Calibración!#REF! -> #REF!
A12: PROMEDIO / TOTAL APROBADOS | B12: =IFERROR(AVERAGE(B4:B11),"") | C12: =IFERROR(AVERAGE(C4:C11),"") | D12: =IFERROR(AVERAGE(D4:D11),"") | E12: =IFERROR(AVERAGE(E4:E11),"") | F12: =IFERROR(AVERAGE(F4:F11),"") | G12: =IFERROR(AVERAGE(G4:G11),"") | H12: =IFERROR(AVERAGE(H4:H11),"") | I12: =IFERROR(AVERAGE(I4:I11),"") | ... K12: =IFERROR(AVERAGE(K4:K11),"") | M12: =COUNTIF(M4:M11,"SÍ")&" / 8 aprobados" -> 1 / 8 aprobados

Sheet Criterios y Umbrales
A1: CRITERIOS DE ACEPTACIÓN — CALIBRACIÓN uArm Metal
A2: PARÁMETRO | B2: NOMINAL | C2: TOLERANCIA | D2: APROBADO SI | E2: ACCIÓN SI FALLA | F2: REFERENCIA
A3: LEFT_MAX (°) | B3: 150 | C3: ± 10° | D3: 140 ≤ x ≤ 160 | E3: Revisar límite mecánico o reemplazar servo LEFT | F3: calibration.ino L43
A4: RIGHT_MIN (°) | B4: 20 | C4: ± 10° | D4: 10 ≤ x ≤ 30 | E4: Revisar límite mecánico o reemplazar servo RIGHT | F4: calibration.ino L44
A5: R² ROT | B5: ≥ 0.98 | C5: — | D5: R² ≥ 0.98 | E5: Repetir calibración lineal. Verificar pin A2 | F5: LinearRegression lr
A6: R² LEFT | B6: ≥ 0.98 | C6: — | D6: R² ≥ 0.98 | E6: Repetir calibración lineal. Verificar pin A0 | F6: LinearRegression lr
A7: R² RIGHT | B7: ≥ 0.98 | C7: — | D7: R² ≥ 0.98 | E7: Repetir calibración lineal. Verificar pin A1 | F7: LinearRegression lr
A8: R² HAND | B8: ≥ 0.95 | C8: — | D8: R² ≥ 0.95 | E8: Algunos modelos sin feedback analógico en muñeca | F8: LinearRegression lr
A9: Offset ROT manual | B9: 0° | C9: ± 5° | D9: |off| ≤ 5° | E9: Reposicionar brazo en paso manual y repetir D4 | F9: waitingForManualCalibration
A10: Offset LEFT manual | B10: 0° | C10: ± 5° | D10: |off| ≤ 5° | E10: Reposicionar brazo en paso manual y repetir D4 | F10: waitingForManualCalibration
A11: Offset RIGHT manual | B11: 0° | C11: ± 5° | D11: |off| ≤ 5° | E11: Reposicionar brazo en paso manual y repetir D4 | F11: waitingForManualCalibration
A12: EEPROM escrita | B12: 0x80 | C12: — | D12: Flag = 0x80 | E12: Verificar conexión Arduino y repetir proceso completo | F12: EEPROM.write(10, 0x80)
